corporation,lastmonth_activity,lastyear_activity,number_of_employees,exited
ekci,6,88,90,1
lsid,68,282,14,0
zxcv,19,455,8,1
wosl,0,18,21,1
pwls,71,949,40,1
corp,1090,2452,9,0
endi,75,800,81,1
bqlx,686,3782,103,0
zmei,45,655,7,0
qwer,0,118,42,1
abcd,78,1024,12,1
tyui,929,1992,1,0
asdf,14,2145,20,0
lmno,81,1401,10,0
acme,101,10983,2,1
dfgh,16,1028,33,0
kshe,48,986,22,1
dosk,99,390,99,1
xyzz,182,3891,35,0
xcvb,189,961,18,1
