corporation,lastmonth_activity,lastyear_activity,number_of_employees,exited
nciw,100,1359,1,0
lsid,68,282,14,0
pwls,71,949,40,1
bqlx,686,3782,103,0
zmei,45,655,7,0
wosl,0,18,21,1
xcvb,189,961,18,1
dfgh,16,1028,33,0
ngrd,9,45,1,1
xful,0,67,14,1
kshe,48,986,22,1
qqqq,52,650,11,1
corp,1090,2452,9,0
ekci,6,88,90,1
dosk,99,390,99,1
endi,75,800,81,1
gudj,255,1687,2,0
abcd,78,1024,12,1
asdf,14,2145,20,0
xyzz,182,3891,35,0
acme,101,10983,2,1
qwer,0,118,42,1
tyui,929,1992,1,0
zxcv,19,455,8,1
hjkl,94,868,3,1
lmno,81,1401,10,0
